Date,Salary Male,Salary Female,Wage Gap,Group,Salary Female Data,Salary Male Data
2010-01-01,4441.787791449782,2460.460907252858,-44.60651830352811,Nacional,2461.631871806972,4497.099016782926
2010-04-01,4371.878224333224,2460.9144595658117,-43.71036123859243,Nacional,2488.314398626518,4504.512960308505
2010-07-01,4281.326320073249,2465.4328485981305,-42.414273888939405,Nacional,2525.5040474579005,4318.655957995662
2010-10-01,4210.647091234394,2435.0880344559905,-42.16831803536117,Nacional,2473.7607618147927,4169.401029553664
2011-01-01,4350.288783164899,2585.993953299958,-40.55580946011107,Nacional,2576.8789868676613,4277.819376370631
2011-04-01,4219.1703040699995,2574.041247123997,-38.99176706280469,Nacional,2505.5366936851447,4120.119249239296
2011-07-01,4228.585950302368,2593.356214759713,-38.67084067253561,Nacional,2507.4933423083835,4279.173757398545
2011-10-01,4134.473394990991,2550.9996513878114,-38.29928487438315,Nacional,2370.8231907558943,4024.623104885886
2012-01-01,4334.141067933304,2765.966112906631,-36.1819084899893,Nacional,2578.6170453752948,4300.954611615172
2012-04-01,4267.833890492082,2738.266363958926,-35.83943437772356,Nacional,2572.478058457463,4397.1250228553035
2012-07-01,3992.1630308664753,2947.198445717705,-26.17539857639449,Nacional,3065.75931265877,3964.3292024190278
2012-10-01,4028.4604919630347,2966.3616413744153,-26.364881887449453,Nacional,3116.423249282052,3982.1542509053984
2013-01-01,4122.7869548091785,3109.9691618606703,-24.566338354376256,Nacional,3207.8057235119363,4151.144543419917
2013-04-01,4065.437506526734,2996.554219972127,-26.291962054234023,Nacional,3139.58740963939,4003.9088592328003
2013-07-01,3905.9012736484383,3040.921274018623,-22.145465003570138,Nacional,3162.6403112401663,3927.8154508311236
2013-10-01,3905.2846832861233,3007.9119812863332,-22.978419623039898,Nacional,3041.9535265542972,3977.879083533863
2014-01-01,4036.5360210224044,3111.9631571376603,-22.905106236375445,Nacional,3153.423362405253,4054.3927538978287
2014-04-01,3992.8130729933528,3089.490631019211,-22.623709787068353,Nacional,3082.99962421331,3942.0653171009762
2014-07-01,3939.329494892316,3070.767924679267,-22.048462088261843,Nacional,3066.598278856935,3926.67808980595
2014-10-01,3906.190657436944,3016.9106142534933,-22.76591495835879,Nacional,3034.01741860996,3914.212198435862
2015-01-01,4083.372740447923,3144.3040368820857,-22.99737896234344,Nacional,3136.870839439034,4054.5755519937497
2015-04-01,4012.3907796831754,3109.3498995275813,-22.50630433925231,Nacional,3153.581189048971,4050.6480809351733
2015-07-01,4082.620153646538,3105.4068970655703,-23.935933782821667,Nacional,3212.278226189469,4101.008577114659
2015-10-01,4050.044480993114,3039.536781406986,-24.9505333664469,Nacional,3140.565959834933,4091.410440913077
2016-01-01,4311.13819411761,3230.9896907377015,-25.05483365979154,Nacional,3235.619891939405,4224.336507316054
2016-04-01,4305.591968909668,3180.0319716788854,-26.14181755629332,Nacional,3262.611752999325,4217.045496210681
2016-07-01,4090.6980918820736,3365.7060832749203,-17.7229409827601,Nacional,3239.291977105482,4229.198977725231
2016-10-01,4188.450394272155,3361.355727583264,-19.747032645294553,Nacional,3273.9483128052316,4240.543390531719
2017-01-01,4344.106634549873,3481.4790138231624,-19.857422786678306,Nacional,3413.2594695319253,4314.884094068371
2017-04-01,4346.725370737186,3345.143797056643,-23.042209669452358,Nacional,3342.083691365273,4312.328490400683
2017-07-01,4222.096377927121,3389.3345271390717,-19.723894867527903,Nacional,3298.6251172251846,4187.703919115939
2017-10-01,4256.862643239105,3356.196983897802,-21.15796855159916,Nacional,3221.4392339899036,4218.8281288025355
2018-01-01,4423.435611780662,3460.213770131291,-21.77542358894254,Nacional,3411.98115521231,4409.566965497502
2018-04-01,4414.258543223548,3472.672208356147,-21.33056606557078,Nacional,3421.285015152728,4402.067759781366
2018-07-01,4418.7076911812,3489.344304923451,-21.03247037844482,Nacional,3422.8643525201796,4379.768739133463
2018-10-01,4444.073482159709,3471.286755535426,-21.889528391675757,Nacional,3442.654022657043,4394.688543336125
2019-01-01,4679.760193605423,3634.4799391985052,-22.336192692848304,Nacional,3573.1428095822025,4665.104818871565
2019-04-01,4642.569806161806,3634.547383501397,-21.712595927421944,Nacional,3632.491484463244,4688.870562448175
2019-07-01,4746.925499271123,3666.016058841604,-22.770726875648034,Nacional,3641.510054229522,4691.5536596289585
2019-10-01,4748.796288066471,3635.9467604304764,-23.43434967788657,Nacional,3730.499724260589,4860.776526306542
2020-01-01,5044.336462635729,3863.200487002616,-23.415091050765373,Nacional,4099.867066125509,5221.852435552569
2020-07-01,4891.894614351315,4068.7402356584857,-16.826903349020384,Nacional,4059.674763828237,4794.385109982365
2020-10-01,5023.98958169827,4100.1906964796635,-18.38775479519073,Nacional,4095.75719264716,5022.790319485693
2021-01-01,5213.988486947252,4256.11479924819,-18.371227517993404,Nacional,,
2021-04-01,5250.079983499856,4154.796053793974,-20.8622332068879,Nacional,,
2021-07-01,5159.209136887866,4234.353412477128,-17.92630808078909,Nacional,,
2021-10-01,5228.012497495012,4236.921131057365,-18.957325884598138,Nacional,,
2022-01-01,5428.622561329068,4376.643179109012,-19.378385038478424,Nacional,,
2022-04-01,5452.670078777872,4389.11688176198,-19.505181528501172,Nacional,,
2022-07-01,5457.119226736275,4405.788978327714,-19.2652973982635,Nacional,,
2022-10-01,5482.485017717339,4387.73142894615,-19.96820028205012,Nacional,,
2023-01-01,5718.171729163203,4550.924612612257,-20.412942664836002,Nacional,,
2023-04-01,5680.981341719642,4550.992056909441,-19.89074099771909,Nacional,,
2023-07-01,5785.337034834152,4582.460732263982,-20.791810318526288,Nacional,,
2023-10-01,5787.207823633791,4552.391433850162,-21.336997519613654,Nacional,,
2024-01-01,6082.747998190491,4779.645160399531,-21.422929869503218,Nacional,,
2024-04-01,6111.220780522262,4764.099119375962,-22.04341341160278,Nacional,,
2024-07-01,5930.306149906914,4985.1849090657215,-15.937140797630278,Nacional,,
2024-10-01,6062.4011172589035,5016.6353698905505,-17.250025643984323,Nacional,,
2025-01-01,6252.400022504595,5172.559472662624,-17.2708167416551,Nacional,,
2025-04-01,6288.491519056974,5071.2407272022665,-19.356801041488037,Nacional,,
2025-07-01,6197.620672450581,5150.798085897214,-16.890717291018813,Nacional,,
2025-10-01,6266.424033049278,5153.365804462633,-17.762255198760055,Nacional,,
2026-01-01,6467.034096886593,5293.087852513509,-18.152776478142496,Nacional,,
2026-04-01,6491.0816143358825,5305.561555170794,-18.26382919830814,Nacional,,
2026-07-01,6495.53076229726,5322.233651751265,-18.063144544804484,Nacional,,
2026-10-01,6520.896553275452,5304.176102354786,-18.658790873005128,Nacional,,
2027-01-01,6756.583264722467,5467.369286019957,-19.080856820543683,Nacional,,
2027-04-01,6719.392877278302,5467.436730321166,-18.631983124407554,Nacional,,
2027-07-01,6823.7485703960465,5498.905405678117,-19.415181421918017,Nacional,,
2027-10-01,6825.619359190936,5468.836107260192,-19.877804204006598,Nacional,,
2028-01-01,7121.159533748982,5696.089833814213,-20.011764842242354,Nacional,,
2028-04-01,7149.632316083063,5680.543792787661,-20.547749287619936,Nacional,,
2028-07-01,6968.7176854649115,5901.62958247792,-15.312546025686816,Nacional,,
2028-10-01,7100.8126528128505,5933.080043296109,-16.445055891654413,Nacional,,
2029-01-01,7290.81155805993,6089.004146058779,-16.48386331796716,Nacional,,
2029-04-01,7326.9030546166305,5987.685400613368,-18.278086171202045,Nacional,,
2029-07-01,7236.032208005396,6067.242759302952,-16.15235276881968,Nacional,,
2029-10-01,7304.835568609717,6069.810477873916,-16.906952649871283,Nacional,,
2030-01-01,7505.44563244175,6209.532525916597,-17.266304627185118,Nacional,,
2030-04-01,7529.493149901844,6222.006228590071,-17.36487297725767,Nacional,,
2030-07-01,7533.942297854792,6238.678325153408,-17.192379785948138,Nacional,,
2030-10-01,7559.308088830716,6220.620775763288,-17.709124926994445,Nacional,,
2031-01-01,7794.994800280212,6383.8139594306895,-18.103679053112312,Nacional,,
2031-04-01,7757.804412832731,6383.881403728475,-17.710204279339056,Nacional,,
2031-07-01,7862.160105948067,6415.350079085792,-18.40219491037458,Nacional,,
2031-10-01,7864.030894748141,6385.280780669738,-18.803971320432638,Nacional,,
2032-01-01,8159.571069306452,6612.534507226771,-18.959778019448958,Nacional,,
2032-04-01,8188.043851642871,6596.98846619786,-19.431446805524587,Nacional,,
2032-07-01,8007.129221026058,6818.074255893197,-14.849953489079473,Nacional,,
2032-10-01,8139.224188375461,6849.524716711658,-15.845484063527431,Nacional,,
2033-01-01,8329.22309361931,7005.448819474658,-15.893130238746314,Nacional,,
2033-04-01,8365.314590174752,6904.130074020254,-17.46717951134428,Nacional,,
2033-07-01,8274.443743566802,6983.68743271916,-15.599312181573257,Nacional,,
2033-10-01,8343.247104167973,6986.255151283571,-16.264554266965195,Nacional,,
2034-01-01,8543.857168001752,7125.977199333351,-16.595314514135506,Nacional,,
2034-04-01,8567.904685456728,7138.450901995502,-16.68381985956962,Nacional,,
2034-07-01,8572.35383340848,7155.12299855899,-16.532575094208184,Nacional,,
2034-10-01,8597.719624384008,7137.065449167165,-16.988855638817057,Nacional,,
2035-01-01,8833.406335835849,7300.258632835726,-17.356245651016476,Nacional,,
2035-04-01,8796.21594839227,7300.326077137094,-17.006061243057445,Nacional,,
2035-07-01,8900.5716415088,7331.794752493429,-17.625574538372426,Nacional,,
2035-10-01,8902.442430300964,7301.725454074151,-17.980649566219075,Nacional,,
2036-01-01,9197.982604859682,7528.979180622914,-18.14532051142349,Nacional,,
2036-04-01,9226.45538720012,7513.43313960438,-18.566417716301096,Nacional,,
2036-07-01,9045.540756581902,7734.518929298304,-14.49357050687816,Nacional,,
2036-10-01,9177.635723931653,7765.969390119582,-15.381590382052337,Nacional,,
2037-01-01,9367.63462917788,7921.893492890268,-15.433363848163792,Nacional,,
2037-04-01,9403.726125734049,7820.5747474338705,-16.83536246305343,Nacional,,
2037-07-01,9312.855279119483,7900.1321061103035,-15.169602991433479,Nacional,,
2037-10-01,9381.658639730123,7902.6998247007505,-15.764363976815057,Nacional,,
2038-01-01,9582.268703563155,8042.421872749074,-16.06975214795939,Nacional,,
2038-04-01,9606.31622101151,8054.895575403282,-16.150005995168755,Nacional,,
2038-07-01,9610.7653689701,8071.567671979132,-16.015349848832177,Nacional,,
2038-10-01,9636.131159942814,8053.510122575785,-16.423822082724957,Nacional,,
2039-01-01,9871.817871392526,8216.703306236574,-16.766056533035297,Nacional,,
2039-04-01,9834.627483947997,8216.770750543468,-16.450615298293528,Nacional,,
2039-07-01,9938.983177068683,8248.239425908978,-17.011234660911846,Nacional,,
2039-10-01,9940.853965859425,8218.170127482532,-17.32933452491333,Nacional,,
2040-01-01,10236.394140423585,8445.423854044799,-17.49610518909421,Nacional,,
2040-04-01,10264.866922755089,8429.877813015139,-17.876404278287904,Nacional,,
2040-07-01,10083.952292138189,8650.96360270526,-14.210585769531434,Nacional,,
2040-10-01,10216.047259489165,8682.41406352863,-15.012001775305242,Nacional,,
2041-01-01,10406.046164732392,8838.338166286161,-15.06535694372971,Nacional,,
2041-04-01,10442.137661285775,8737.019420836303,-16.32920667931048,Nacional,,
2041-07-01,10351.266814679144,8816.576779530953,-14.826108365517591,Nacional,,
2041-10-01,10420.070175282743,8819.144498102174,-15.363866559921016,Nacional,,
2042-01-01,10620.680239114568,8958.866546144194,-15.64696098137041,Nacional,,
2042-04-01,10644.727756576363,8971.34024881832,-15.720341055450824,Nacional,,
2042-07-01,10649.176904524298,8988.01234538107,-15.598994871025976,Nacional,,
2042-10-01,10674.542695506972,8969.954795994217,-15.968720610675286,Nacional,,
2043-01-01,10910.229406950382,9133.147979648755,-16.28821320814331,Nacional,,
2043-04-01,10873.039019503094,9133.21542395051,-16.001263238657028,Nacional,,
2043-07-01,10977.39471262386,9164.684099319396,-16.513122291392783,Nacional,,
2043-10-01,10979.265501412945,9134.614800886016,-16.80122135938453,Nacional,,
2044-01-01,11274.80567597693,9361.868527439545,-16.966475551886923,Nacional,,
2044-04-01,11303.278458305731,9346.322486416202,-17.313171387470717,Nacional,,
2044-07-01,11122.363827700488,9567.408276127937,-13.98044134916627,Nacional,,
2044-10-01,11254.458795041235,9598.85873693261,-14.710614595151295,Nacional,,
2045-01-01,11444.457700290961,9754.7828396929,-14.764132166394422,Nacional,,
2045-04-01,11480.549196847423,9653.464094251387,-15.914614111821034,Nacional,,
2045-07-01,11389.67835023711,9733.021452941059,-14.545247428006286,Nacional,,
2045-10-01,11458.481710842845,9735.589171514945,-15.035958365213208,Nacional,,
2012-07-01,3535.9441856661124,2109.148030435321,-40.35120692839803,Empleados de Ventas en Establecimientos,2029.0835067623623,3637.1316027566168
2012-10-01,3545.240780772876,2120.7075056467465,-40.18156630860981,Empleados de Ventas en Establecimientos,2201.2562578107604,3513.990312949253
2013-01-01,3551.369347581527,2184.0952284988616,-38.49991328031751,Empleados de Ventas en Establecimientos,2219.1969130215916,3554.306661799267
2013-04-01,3632.7800659655695,2198.111224478347,-39.49231209805972,Empleados de Ventas en Establecimientos,2225.9659343080775,3583.421917580267
2013-07-01,3565.6724845803237,2126.438984507099,-40.36359217783349,Empleados de Ventas en Establecimientos,2114.4411936927595,3437.4549417208946
2013-10-01,3531.9827266705233,2105.6187207632647,-40.38422937735718,Empleados de Ventas en Establecimientos,2074.7099004165484,3653.5667290629203
2014-01-01,3622.0546792557234,2153.663707029321,-40.54027623150444,Empleados de Ventas en Establecimientos,2191.745832823271,3701.7898295107475
2014-04-01,3600.385995686196,2193.716261125085,-39.069970171157,Empleados de Ventas en Establecimientos,2175.8040620676966,3623.0160585629596
2014-07-01,3613.2926594428027,2160.2908503406516,-40.21267984769922,Empleados de Ventas en Establecimientos,2138.311571212099,3728.2027585733563
2014-10-01,3610.6887204116792,2118.3512370054113,-41.331103259328216,Empleados de Ventas en Establecimientos,2156.784756545688,3536.1262679445417
2015-01-01,3708.1138753777777,2204.7649284265835,-40.54214615504587,Empleados de Ventas en Establecimientos,2175.0002439859463,3701.2780199954896
2015-04-01,3602.3823297692543,2179.6616645623817,-39.49388307426,Empleados de Ventas en Establecimientos,2185.8133299825704,3426.9336980421904
2015-07-01,3678.4573021161123,2210.3771185048136,-39.91021406628137,Empleados de Ventas en Establecimientos,2239.5997287677515,3714.0885427347703
2015-10-01,3781.3702585015526,2158.6656748357473,-42.91313658104552,Empleados de Ventas en Establecimientos,2149.7054931341627,3766.6037751498575
2016-01-01,3809.806097225359,2337.7485896669295,-38.63864642955223,Empleados de Ventas en Establecimientos,2248.524591708034,3702.2508957334226
2016-04-01,3884.0068270411994,2350.451585365331,-39.48384516213934,Empleados de Ventas en Establecimientos,2340.195557067591,3956.653807758479
2016-07-01,3720.4482745072455,2278.532354124094,-38.756510344821976,Empleados de Ventas en Establecimientos,2326.5999220006015,3779.7525547073174
2016-10-01,3729.760475367715,2301.4268181119114,-38.295586719010025,Empleados de Ventas en Establecimientos,2328.787637622199,3880.443728633976
2017-01-01,3735.904651080964,2376.1643529636895,-36.39654715823223,Empleados de Ventas en Establecimientos,2358.5567252224,3770.330650305406
2017-04-01,3817.331093064853,2401.3147816928567,-37.09440645440863,Empleados de Ventas en Establecimientos,2409.5794689271406,3701.9037975757938
2017-07-01,3750.287853395519,2340.9024651110385,-37.580725623725655,Empleados de Ventas en Establecimientos,2335.8226456531006,3713.8908398974295
2017-10-01,3716.7027663510853,2331.5499517238504,-37.2683236111217,Empleados de Ventas en Establecimientos,2314.5619977614324,3501.2139627776105
2018-01-01,3837.485682470242,2420.1406699581994,-36.93420978706241,Empleados de Ventas en Establecimientos,2398.1302563934055,3721.3064479268046
2018-04-01,3845.909064207024,2499.93688255876,-34.99750407972233,Empleados de Ventas en Establecimientos,2476.211870642884,3934.7305902858325
2018-07-01,3889.2549150394752,2506.7070115192446,-35.547886001866715,Empleados de Ventas en Establecimientos,2534.6498645808906,3855.0075416352647
2018-10-01,3917.424659705828,2505.407661690033,-36.0445221203521,Empleados de Ventas en Establecimientos,2469.9583270167227,3918.0150123955113
2019-01-01,4045.6234980452246,2632.463360714165,-34.93058951268881,Empleados de Ventas en Establecimientos,2577.5784572436,4012.46350048227
2019-04-01,3969.9966409209574,2647.111342607943,-33.322076010778,Empleados de Ventas en Establecimientos,2656.791711157981,4126.149417542717
2019-07-01,4076.5106457054717,2717.992477605324,-33.325515034072616,Empleados de Ventas en Establecimientos,2690.417330735506,4041.7375087109226
2019-10-01,4210.196031420219,2706.8853808113163,-35.706428854852945,Empleados de Ventas en Establecimientos,2729.7900663024043,4305.574618969193
2020-01-01,4269.404140953644,2926.5700607250255,-31.45249397562709,Empleados de Ventas en Establecimientos,3066.9619387412995,4416.058849207112
2020-07-01,4240.894468448954,2925.3493170780675,-31.02046422419062,Empleados de Ventas en Establecimientos,2966.8965417701056,4163.523750833833
2020-10-01,4280.964747514081,2977.5507997725526,-30.446733963376115,Empleados de Ventas en Establecimientos,2900.738606357297,4248.881806663291
2021-01-01,4317.866998313089,3081.580530096887,-28.63187932141488,Empleados de Ventas en Establecimientos,,
2021-04-01,4429.382407440444,3135.3550117028553,-29.214623545799316,Empleados de Ventas en Establecimientos,,
2021-07-01,4392.71401332918,3103.883018362476,-29.340198133907556,Empleados de Ventas en Establecimientos,,
2021-10-01,4389.797939225064,3123.704762280693,-28.841718786898777,Empleados de Ventas en Establecimientos,,
2022-01-01,4510.643575496544,3212.3917561525323,-28.78196420565322,Empleados de Ventas en Establecimientos,,
2022-04-01,4519.07958254097,3292.2027960042687,-27.148820110993878,Empleados de Ventas en Establecimientos,,
2022-07-01,4562.425433399514,3298.9776318794165,-27.69245919661395,Empleados de Ventas en Establecimientos,,
2022-10-01,4590.5951781076,3297.680026166535,-28.164434060902078,Empleados de Ventas en Establecimientos,,
2023-01-01,4718.79401644861,3424.7357251912854,-27.423496061632285,Empleados de Ventas en Establecimientos,,
2023-04-01,4643.167159325356,3439.383707083066,-25.925912441567096,Empleados de Ventas en Establecimientos,,
2023-07-01,4749.681164117901,3510.2648420880732,-26.09472676593881,Empleados de Ventas en Establecimientos,,
2023-10-01,4883.366549823209,3499.1577453014106,-28.34537998323945,Empleados de Ventas en Establecimientos,,
2024-01-01,4942.574659348966,3718.8424251960914,-24.759003525382536,Empleados de Ventas en Establecimientos,,
2024-04-01,5047.199482255406,3760.5478493496103,-25.492387163006264,Empleados de Ventas en Establecimientos,,
2024-07-01,4914.064986850435,3717.62168155147,-24.347323621086257,Empleados de Ventas en Establecimientos,,
2024-10-01,4954.135265917113,3769.823164252195,-23.905526153325116,Empleados de Ventas en Establecimientos,,
2025-01-01,4991.037516715325,3873.852894574128,-22.38381535702085,Empleados de Ventas en Establecimientos,,
2025-04-01,5102.552925843722,3927.6273761778466,-23.026229550996728,Empleados de Ventas en Establecimientos,,
2025-07-01,5065.8845317384,3896.1553828452033,-23.090323941745957,Empleados de Ventas en Establecimientos,,
2025-10-01,5062.968457627716,3915.9771267516517,-22.6545225488822,Empleados de Ventas en Establecimientos,,
2026-01-01,5183.814093897334,4004.6641206269815,-22.746764291923807,Empleados de Ventas en Establecimientos,,
2026-04-01,5192.250100945035,4084.475160480045,-21.335161421892323,Empleados de Ventas en Establecimientos,,
2026-07-01,5235.595951810952,4091.2499963610326,-21.85703339185483,Empleados de Ventas en Establecimientos,,
2026-10-01,5263.765696510462,4089.9523906428067,-22.299877569509178,Empleados de Ventas en Establecimientos,,
2027-01-01,5391.964534852428,4217.0080896680665,-21.7908785858978,Empleados de Ventas en Establecimientos,,
2027-04-01,5316.337677726895,4231.656071561509,-20.402797412770123,Empleados de Ventas en Establecimientos,,
2027-07-01,5422.851682524555,4302.537206568562,-20.659139167797438,Empleados de Ventas en Establecimientos,,
2027-10-01,5556.537068224712,4291.430109777345,-22.76790279474484,Empleados de Ventas en Establecimientos,,
2028-01-01,5615.7451777538045,4511.114789673949,-19.67023704094934,Empleados de Ventas en Establecimientos,,
2028-04-01,5720.3700006581,4552.820213829765,-20.410389305132618,Empleados de Ventas en Establecimientos,,
2028-07-01,5587.235505255056,4509.89404602818,-19.28219167088242,Empleados de Ventas en Establecimientos,,
2028-10-01,5627.305784319913,4562.095528722568,-18.92931175990965,Empleados de Ventas en Establecimientos,,
2029-01-01,5664.208035112144,4666.125259045069,-17.62087073567937,Empleados de Ventas en Establecimientos,,
2029-04-01,5775.72344424609,4719.899740656621,-18.280371520234493,Empleados de Ventas en Establecimientos,,
2029-07-01,5739.055050139028,4688.427747317761,-18.30662528312594,Empleados de Ventas en Establecimientos,,
2029-10-01,5736.138976030656,4708.249491231294,-17.919535929909593,Empleados de Ventas en Establecimientos,,
2030-01-01,5856.984612294205,4796.936485099622,-18.098871644113103,Empleados de Ventas en Establecimientos,,
2030-04-01,5865.420619346483,4876.747524968609,-16.85596240305152,Empleados de Ventas en Establecimientos,,
2030-07-01,5908.766470208333,4883.522360835774,-17.35123759826661,Empleados de Ventas en Establecimientos,,
2030-10-01,5936.936214911968,4882.224755116024,-17.765248296702186,Empleados de Ventas en Establecimientos,,
2031-01-01,6065.135053255814,5009.280454144019,-17.408591726988885,Empleados de Ventas en Establecimientos,,
2031-04-01,5989.508196130539,5023.928436033348,-16.12118605532578,Empleados de Ventas en Establecimientos,,
2031-07-01,6096.022200921898,5094.80957104074,-16.42403188311462,Empleados de Ventas en Establecimientos,,
2031-10-01,6229.707586625342,5083.702474253233,-18.395809055829286,Empleados de Ventas en Establecimientos,,
2032-01-01,6288.915696158476,5303.387154150162,-15.670881748507368,Empleados de Ventas en Establecimientos,,
2032-04-01,6393.540519061975,5345.092578307882,-16.39855003074127,Empleados de Ventas en Establecimientos,,
2032-07-01,6260.406023660813,5302.166410508825,-15.306349293166951,Empleados de Ventas en Establecimientos,,
2032-10-01,6300.4763027234,5354.367893205523,-15.016458503445515,Empleados de Ventas en Establecimientos,,
2033-01-01,6337.378553516621,5458.397623524364,-13.869787366647198,Empleados de Ventas en Establecimientos,,
2033-04-01,6448.893962650953,5512.17210513144,-14.525310277151057,Empleados de Ventas en Establecimientos,,
2033-07-01,6412.225568545888,5480.700111798684,-14.527334492358596,Empleados de Ventas en Establecimientos,,
2033-10-01,6409.30949443399,5500.521855707583,-14.179181696805584,Empleados de Ventas en Establecimientos,,
2034-01-01,6530.155130701365,5589.208849579393,-14.409248513839065,Empleados de Ventas en Establecimientos,,
2034-04-01,6538.591137750494,5669.019889439972,-13.299061372564822,Empleados de Ventas en Establecimientos,,
2034-07-01,6581.936988607604,5675.794725308184,-13.767106322467432,Empleados de Ventas en Establecimientos,,
2034-10-01,6610.106733314946,5674.497119585267,-14.154228539369953,Empleados de Ventas en Establecimientos,,
2035-01-01,6738.305571654519,5801.552818617539,-13.901903721575664,Empleados de Ventas en Establecimientos,,
2035-04-01,6662.678714534428,5816.2008005103335,-12.704768611722624,Empleados de Ventas en Establecimientos,,
2035-07-01,6769.192719324497,5887.081935518899,-13.031255282293472,Empleados de Ventas en Establecimientos,,
2035-10-01,6902.878105028032,5875.974838722369,-14.876450817778029,Empleados de Ventas en Establecimientos,,
2036-01-01,6962.086214551606,6095.659518619965,-12.444929138060715,Empleados de Ventas en Establecimientos,,
2036-04-01,7066.711037465295,6137.364942782442,-13.151041407463476,Empleados de Ventas en Establecimientos,,
2036-07-01,6933.576542061037,6094.43877498215,-12.102524029098689,Empleados de Ventas en Establecimientos,,
2036-10-01,6973.646821124938,6146.640257679723,-11.859025624010712,Empleados de Ventas en Establecimientos,,
2037-01-01,7010.549071921758,6250.669988002695,-10.839080878307888,Empleados de Ventas en Establecimientos,,
2037-04-01,7122.064481051546,6304.444469611114,-11.480098412696671,Empleados de Ventas en Establecimientos,,
2037-07-01,7085.396086936253,6272.972476267004,-11.466170708044965,Empleados de Ventas en Establecimientos,,
2037-10-01,7082.48001283482,6292.794220191251,-11.149848516515481,Empleados de Ventas en Establecimientos,,
2038-01-01,7203.325649110606,6381.481214059518,-11.40923616513938,Empleados de Ventas en Establecimientos,,
2038-04-01,7211.761656151006,6461.292253912982,-10.406186976491915,Empleados de Ventas en Establecimientos,,
2038-07-01,7255.1075070165425,6468.067089789558,-10.848087591614926,Empleados de Ventas en Establecimientos,,
2038-10-01,7283.277251719035,6466.769484062078,-11.210719287999657,Empleados de Ventas en Establecimientos,,
2039-01-01,7411.476090053298,6593.8251830913405,-11.032227548562162,Empleados de Ventas en Establecimientos,,
2039-04-01,7335.849232934381,6608.47316498354,-9.915362827868341,Empleados de Ventas en Establecimientos,,
2039-07-01,7442.363237733918,6679.354299996729,-10.252239958789124,Empleados de Ventas en Establecimientos,,
2039-10-01,7576.048623432431,6668.247203198346,-11.98251839918621,Empleados de Ventas en Establecimientos,,
2040-01-01,7635.256732963046,6887.931883104241,-9.787815603271628,Empleados de Ventas en Establecimientos,,
2040-04-01,7739.881555865479,6929.637307256644,-10.46843214279954,Empleados de Ventas en Establecimientos,,
2040-07-01,7606.747060461557,6886.711139456709,-9.465753432863039,Empleados de Ventas en Establecimientos,,
2040-10-01,7646.817339527395,6938.912622155837,-9.257507874711566,Empleados de Ventas en Establecimientos,,
2041-01-01,7683.719590319235,7042.94235247275,-8.339414658673961,Empleados de Ventas en Establecimientos,,
2041-04-01,7795.234999453682,7096.716834078384,-8.960835246458286,Empleados de Ventas en Establecimientos,,
2041-07-01,7758.5666053470395,7065.244840746448,-8.936209481307653,Empleados de Ventas en Establecimientos,,
2041-10-01,7755.650531237849,7085.066584659502,-8.646391993520075,Empleados de Ventas en Establecimientos,,
2042-01-01,7876.496167501424,7173.753578527654,-8.922020325145326,Empleados de Ventas en Establecimientos,,
2042-04-01,7884.932174554504,7253.564618397879,-8.007266799251791,Empleados de Ventas en Establecimientos,,
2042-07-01,7928.278025419626,7260.339454259344,-8.424762212156772,Empleados de Ventas en Establecimientos,,
2042-10-01,7956.4477701198575,7259.04184854845,-8.765292524014168,Empleados de Ventas en Establecimientos,,
2043-01-01,8084.64660845555,7386.097547567857,-8.640440265590541,Empleados de Ventas en Establecimientos,,
2043-04-01,8009.019751337459,7400.74552945605,-7.594864799525947,Empleados de Ventas en Establecimientos,,
2043-07-01,8115.53375613623,7471.6266644709785,-7.934254369632653,Empleados de Ventas en Establecimientos,,
2043-10-01,8249.219141834863,7460.519567667689,-9.560899772529792,Empleados de Ventas en Establecimientos,,
2044-01-01,8308.427251356257,7680.204247573555,-7.561274652554149,Empleados de Ventas en Establecimientos,,
2044-04-01,8413.052074268755,7721.909671722062,-8.215120938815367,Empleados de Ventas en Establecimientos,,
2044-07-01,8279.917578873192,7678.983503939181,-7.257730155036055,Empleados de Ventas en Establecimientos,,
2044-10-01,8319.987857928825,7731.184986624539,-7.07696791580249,Empleados de Ventas en Establecimientos,,
2045-01-01,8356.890108722126,7835.214716948537,-6.242458438326401,Empleados de Ventas en Establecimientos,,
2045-04-01,8468.405517855681,7888.9891985608965,-6.842094631310249,Empleados de Ventas en Establecimientos,,
2045-07-01,8431.737123748266,7857.517205223422,-6.8102208370269794,Empleados de Ventas en Establecimientos,,
2045-10-01,8428.821049640123,7877.338949139216,-6.542814199673303,Empleados de Ventas en Establecimientos,,
2046-01-01,8549.666685901044,7966.025943001851,-6.826473643255052,Empleados de Ventas en Establecimientos,,
2046-04-01,8558.102692957127,8045.836982861792,-5.985739228356102,Empleados de Ventas en Establecimientos,,
2046-07-01,8601.448543816505,8052.611818741063,-6.380747641279504,Empleados de Ventas en Establecimientos,,
2046-10-01,8629.618288523723,8051.314213005788,-6.701386506133245,Empleados de Ventas en Establecimientos,,
2047-01-01,8757.817126866066,8178.369912049636,-6.616342935945527,Empleados de Ventas en Establecimientos,,
2047-04-01,8682.190269739087,8193.017893936274,-5.634204741029169,Empleados de Ventas en Establecimientos,,
2047-07-01,8788.704274535994,8263.89902894511,-5.971360842251017,Empleados de Ventas en Establecimientos,,
2047-10-01,8922.389660237339,8252.791932155098,-7.504690487418471,Empleados de Ventas en Establecimientos,,
2048-01-01,8981.597769760661,8472.476612050348,-5.668492074143285,Empleados de Ventas en Establecimientos,,
2048-04-01,9086.222592671187,8514.182036201644,-6.295691643422234,Empleados de Ventas en Establecimientos,,
2048-07-01,8953.088097274142,8471.255868413205,-5.381743412171212,Empleados de Ventas en Establecimientos,,
2048-10-01,8993.158376331145,8523.45735109254,-5.222870604334047,Empleados de Ventas en Establecimientos,,
2049-01-01,9030.06062711845,8627.48708142171,-4.458148868765717,Empleados de Ventas en Establecimientos,,
2049-04-01,9141.576036258897,8681.26156303343,-5.035395115674683,Empleados de Ventas en Establecimientos,,
2049-07-01,9104.907642158025,8649.789569702774,-4.998601746907775,Empleados de Ventas en Establecimientos,,
2049-10-01,9101.991568043148,8669.611313611791,-4.750391726898895,Empleados de Ventas en Establecimientos,,
2050-01-01,9222.837204309477,8758.29830748205,-5.036832880562677,Empleados de Ventas en Establecimientos,,
2050-04-01,9231.27321135899,8838.10934734102,-4.259042658754653,Empleados de Ventas en Establecimientos,,
2050-07-01,9274.619062208243,8844.884183207792,-4.6334504535233485,Empleados de Ventas en Establecimientos,,
2050-10-01,9302.788806926947,8843.586577498252,-4.9361781607550625,Empleados de Ventas en Establecimientos,,
2012-07-01,3104.818081678944,2449.3828784461953,-21.110261084228142,"Trabajadores Domésticos, de Limpieza, Planchadores y otros Trabajadores de Limpieza",2447.9892545171074,3094.7895129512253
2012-10-01,3253.1183701887376,2434.5073998344674,-25.16388514650872,"Trabajadores Domésticos, de Limpieza, Planchadores y otros Trabajadores de Limpieza",2461.5436711549273,3277.8304793649027
2013-01-01,3268.67255321629,2537.453078489467,-22.370533077940827,"Trabajadores Domésticos, de Limpieza, Planchadores y otros Trabajadores de Limpieza",2481.4262800635333,3264.2666348875446
2013-04-01,3203.499204085727,2493.2040209615516,-22.172478838710756,"Trabajadores Domésticos, de Limpieza, Planchadores y otros Trabajadores de Limpieza",2536.3134396056594,3241.1413191556326
2013-07-01,3227.126197641322,2511.9842844183395,-22.160333046339293,"Trabajadores Domésticos, de Limpieza, Planchadores y otros Trabajadores de Limpieza",2525.495296089688,3264.0739068255393
2013-10-01,3246.4602185165522,2488.9585099025076,-23.333158505794962,"Trabajadores Domésticos, de Limpieza, Planchadores y otros Trabajadores de Limpieza",2476.1695356413115,3230.9634237287764
2014-01-01,3314.591933041738,2560.1917556462895,-22.75997144249216,"Trabajadores Domésticos, de Limpieza, Planchadores y otros Trabajadores de Limpieza",2607.9448095535768,3263.895117002476
2014-04-01,3316.439145803491,2562.0012250803807,-22.748432507128932,"Trabajadores Domésticos, de Limpieza, Planchadores y otros Trabajadores de Limpieza",2538.2723909104184,3342.474828288841
2014-07-01,3356.8165209722706,2564.783770608624,-23.594758468784043,"Trabajadores Domésticos, de Limpieza, Planchadores y otros Trabajadores de Limpieza",2538.7625504031885,3440.395137787331
2014-10-01,3264.4653082403925,2539.3745657614218,-22.211623467054338,"Trabajadores Domésticos, de Limpieza, Planchadores y otros Trabajadores de Limpieza",2518.579073643463,3261.9378124885534
2015-01-01,3394.838589418513,2637.0900253396176,-22.32060653607354,"Trabajadores Domésticos, de Limpieza, Planchadores y otros Trabajadores de Limpieza",2635.4120834049213,3356.0341416401225
2015-04-01,3384.2295131183896,2646.8521173271474,-21.788634397664943,"Trabajadores Domésticos, de Limpieza, Planchadores y otros Trabajadores de Limpieza",2648.825635223507,3292.65020103121
2015-07-01,3493.4366255201826,2633.0560772978015,-24.6284859423854,"Trabajadores Domésticos, de Limpieza, Planchadores y otros Trabajadores de Limpieza",2657.9745078116057,3587.4289624893668
2015-10-01,3307.215610780268,2619.1189100000734,-20.805922012984592,"Trabajadores Domésticos, de Limpieza, Planchadores y otros Trabajadores de Limpieza",2627.3781173129105,3295.9421375875663
2016-01-01,3510.1366797459023,2784.872587704737,-20.661990065118122,"Trabajadores Domésticos, de Limpieza, Planchadores y otros Trabajadores de Limpieza",2748.398891925785,3392.668081658496
2016-04-01,3358.217330587522,2704.947354938326,-19.45287964834921,"Trabajadores Domésticos, de Limpieza, Planchadores y otros Trabajadores de Limpieza",2689.796676723291,3333.0661445547566
2016-07-01,3421.7887470556766,2750.114399724974,-19.62933415771659,"Trabajadores Domésticos, de Limpieza, Planchadores y otros Trabajadores de Limpieza",2742.5028424645566,3394.4885133042867
2016-10-01,3574.08403815566,2754.327865240906,-22.93611913327517,"Trabajadores Domésticos, de Limpieza, Planchadores y otros Trabajadores de Limpieza",2724.3979282814307,3578.8442373064263
2017-01-01,3593.6678026372706,2876.362492101904,-19.96025648249848,"Trabajadores Domésticos, de Limpieza, Planchadores y otros Trabajadores de Limpieza",2923.374485768394,3631.1915874695205
2017-04-01,3532.4494148958215,2850.787405437179,-19.297148505062054,"Trabajadores Domésticos, de Limpieza, Planchadores y otros Trabajadores de Limpieza",2855.100398952462,3532.786345699419
2017-07-01,3560.0953191257486,2888.449128446168,-18.86596089355598,"Trabajadores Domésticos, de Limpieza, Planchadores y otros Trabajadores de Limpieza",2939.8848912672206,3654.50111148709
2017-10-01,3583.492417047689,2884.5123016156913,-19.50555586797815,"Trabajadores Domésticos, de Limpieza, Planchadores y otros Trabajadores de Limpieza",2903.6021820777564,3656.74641526504
2018-01-01,3655.6872244102833,2974.834493899733,-18.62447985058082,"Trabajadores Domésticos, de Limpieza, Planchadores y otros Trabajadores de Limpieza",2966.132207040408,3641.7813445517963
2018-04-01,3661.511764477058,2995.3218654446114,-18.19439460759435,"Trabajadores Domésticos, de Limpieza, Planchadores y otros Trabajadores de Limpieza",2969.669140063338,3634.888019728054
2018-07-01,3705.9470149322533,3017.003844085452,-18.590205636261523,"Trabajadores Domésticos, de Limpieza, Planchadores y otros Trabajadores de Limpieza",2981.690521519397,3489.148004415166
2018-10-01,3636.5773231913486,3015.5805792624524,-17.076406982154545,"Trabajadores Domésticos, de Limpieza, Planchadores y otros Trabajadores de Limpieza",3028.165227933656,3537.0174763001255
2019-01-01,3789.996964320926,3128.8951686868863,-17.443333117616174,"Trabajadores Domésticos, de Limpieza, Planchadores y otros Trabajadores de Limpieza",3079.4174436233457,3858.3072237522733
2019-04-01,3801.889554732222,3153.8920341985886,-17.04409113429056,"Trabajadores Domésticos, de Limpieza, Planchadores y otros Trabajadores de Limpieza",3169.0308738552535,3881.2189386049317
2019-07-01,3933.839027346966,3155.494598515126,-19.78587388606914,"Trabajadores Domésticos, de Limpieza, Planchadores y otros Trabajadores de Limpieza",3149.849149201804,3884.7975065532146
2019-10-01,3770.587556447764,3157.1012886327394,-16.27030956398171,"Trabajadores Domésticos, de Limpieza, Planchadores y otros Trabajadores de Limpieza",3152.2447798807016,3830.6953151104535
2020-01-01,3996.471399349163,3338.3603230478634,-16.46730354203148,"Trabajadores Domésticos, de Limpieza, Planchadores y otros Trabajadores de Limpieza",3395.963049879769,4115.946011111336
2020-07-01,3949.678086348911,3323.752429935889,-15.847510676284738,"Trabajadores Domésticos, de Limpieza, Planchadores y otros Trabajadores de Limpieza",3309.871327945017,3943.93557473543
2020-10-01,4121.024735233799,3332.9837067615267,-19.122453251365023,"Trabajadores Domésticos, de Limpieza, Planchadores y otros Trabajadores de Limpieza",3334.3865171717753,4087.0861168028573
2021-01-01,4159.625278553017,3460.036140278255,-16.818561563269554,"Trabajadores Domésticos, de Limpieza, Planchadores y otros Trabajadores de Limpieza",,
2021-04-01,4116.997281832077,3439.369777680207,-16.459265279143526,"Trabajadores Domésticos, de Limpieza, Planchadores y otros Trabajadores de Limpieza",,
2021-07-01,4163.420131607617,3481.9947661856536,-16.366961389477773,"Trabajadores Domésticos, de Limpieza, Planchadores y otros Trabajadores de Limpieza",,
2021-10-01,4205.800512650547,3483.0757468475235,-17.184000135744746,"Trabajadores Domésticos, de Limpieza, Planchadores y otros Trabajadores de Limpieza",,
2022-01-01,4296.9785873958535,3578.415747000734,-16.722513872953655,"Trabajadores Domésticos, de Limpieza, Planchadores y otros Trabajadores de Limpieza",,
2022-04-01,4321.3711525426,3603.807910295818,-16.604989872822728,"Trabajadores Domésticos, de Limpieza, Planchadores y otros Trabajadores de Limpieza",,
2022-07-01,4384.544383950979,3630.399840612099,-17.20006635351491,"Trabajadores Domésticos, de Limpieza, Planchadores y otros Trabajadores de Limpieza",,
2022-10-01,4315.23953128721,3629.032738653419,-15.901939803306814,"Trabajadores Domésticos, de Limpieza, Planchadores y otros Trabajadores de Limpieza",,
2023-01-01,4468.65917241967,3742.347328077026,-16.2534625335806,"Trabajadores Domésticos, de Limpieza, Planchadores y otros Trabajadores de Limpieza",,
2023-04-01,4480.55176282723,3767.3441935873216,-15.91785134940332,"Trabajadores Domésticos, de Limpieza, Planchadores y otros Trabajadores de Limpieza",,
2023-07-01,4612.501235453212,3768.9467579054012,-18.28843905913719,"Trabajadores Domésticos, de Limpieza, Planchadores y otros Trabajadores de Limpieza",,
2023-10-01,4449.24976454882,3770.5534480343,-15.254174353669805,"Trabajadores Domésticos, de Limpieza, Planchadores y otros Trabajadores de Limpieza",,
2024-01-01,4675.133607434564,3951.812482438586,-15.471667458780788,"Trabajadores Domésticos, de Limpieza, Planchadores y otros Trabajadores de Limpieza",,
2024-04-01,4545.900255517411,3887.063397780453,-14.492989742511838,"Trabajadores Domésticos, de Limpieza, Planchadores y otros Trabajadores de Limpieza",,
2024-07-01,4628.340294442325,3937.204589325004,-14.932689930929055,"Trabajadores Domésticos, de Limpieza, Planchadores y otros Trabajadores de Limpieza",,
2024-10-01,4799.6869433295815,3946.4358661548445,-17.777223540809306,"Trabajadores Domésticos, de Limpieza, Planchadores y otros Trabajadores de Limpieza",,
2025-01-01,4838.2874866520215,4073.488299668509,-15.807229088669446,"Trabajadores Domésticos, de Limpieza, Planchadores y otros Trabajadores de Limpieza",,
2025-04-01,4795.659489926841,4052.8219370697143,-15.489789348418876,"Trabajadores Domésticos, de Limpieza, Planchadores y otros Trabajadores de Limpieza",,
2025-07-01,4842.082339711833,4095.4469255770528,-15.419717422219934,"Trabajadores Domésticos, de Limpieza, Planchadores y otros Trabajadores de Limpieza",,
2025-10-01,4884.462720743855,4096.527906233649,-16.13145313125066,"Trabajadores Domésticos, de Limpieza, Planchadores y otros Trabajadores de Limpieza",,
2026-01-01,4975.640795487265,4191.867906390762,-15.752199994166737,"Trabajadores Domésticos, de Limpieza, Planchadores y otros Trabajadores de Limpieza",,
2026-04-01,5000.033360637861,4217.260069685869,-15.655361364471625,"Trabajadores Domésticos, de Limpieza, Planchadores y otros Trabajadores de Limpieza",,
2026-07-01,5063.206592057451,4243.852000001554,-16.182523409990853,"Trabajadores Domésticos, de Limpieza, Planchadores y otros Trabajadores de Limpieza",,
2026-10-01,4993.901739382572,4242.484898043526,-15.0466885524253,"Trabajadores Domésticos, de Limpieza, Planchadores y otros Trabajadores de Limpieza",,
2027-01-01,5147.3213805138175,4355.799487467568,-15.377355220964231,"Trabajadores Domésticos, de Limpieza, Planchadores y otros Trabajadores de Limpieza",,
2027-04-01,5159.213970923607,4380.796352979815,-15.08791111070043,"Trabajadores Domésticos, de Limpieza, Planchadores y otros Trabajadores de Limpieza",,
2027-07-01,5291.163443552567,4382.398917297251,-17.175136167125427,"Trabajadores Domésticos, de Limpieza, Planchadores y otros Trabajadores de Limpieza",,
2027-10-01,5127.911972644182,4384.005607425113,-14.507003419473236,"Trabajadores Domésticos, de Limpieza, Planchadores y otros Trabajadores de Limpieza",,
2028-01-01,5353.795815534187,4565.264641828738,-14.728450633427295,"Trabajadores Domésticos, de Limpieza, Planchadores y otros Trabajadores de Limpieza",,
2028-04-01,5224.562463614538,4500.5155571739915,-13.858517559758004,"Trabajadores Domésticos, de Limpieza, Planchadores y otros Trabajadores de Limpieza",,
2028-07-01,5307.002502540399,4550.656748714846,-14.251844679995903,"Trabajadores Domésticos, de Limpieza, Planchadores y otros Trabajadores de Limpieza",,
2028-10-01,5478.349151422427,4559.88802554007,-16.765290062680343,"Trabajadores Domésticos, de Limpieza, Planchadores y otros Trabajadores de Limpieza",,
2029-01-01,5516.949694737176,4686.94045905902,-15.044712777967376,"Trabajadores Domésticos, de Limpieza, Planchadores y otros Trabajadores de Limpieza",,
2029-04-01,5474.321698023133,4666.274096461989,-14.760689015644498,"Trabajadores Domésticos, de Limpieza, Planchadores y otros Trabajadores de Limpieza",,
2029-07-01,5520.744547803989,4708.89908496607,-14.70536185487608,"Trabajadores Domésticos, de Limpieza, Planchadores y otros Trabajadores de Limpieza",,
2029-10-01,5563.124928839892,4709.980065626925,-15.335712825540979,"Trabajadores Domésticos, de Limpieza, Planchadores y otros Trabajadores de Limpieza",,
2030-01-01,5654.303003577137,4805.320065781112,-15.01481150300797,"Trabajadores Domésticos, de Limpieza, Planchadores y otros Trabajadores de Limpieza",,
2030-04-01,5678.695568739077,4830.712229087362,-14.932713497089352,"Trabajadores Domésticos, de Limpieza, Planchadores y otros Trabajadores de Limpieza",,
2030-07-01,5741.868800147391,4857.304159393509,-15.405518160414536,"Trabajadores Domésticos, de Limpieza, Planchadores y otros Trabajadores de Limpieza",,
2030-10-01,5672.56394747681,4855.9370574314735,-14.396080812955441,"Trabajadores Domésticos, de Limpieza, Planchadores y otros Trabajadores de Limpieza",,
2031-01-01,5825.983588609593,4969.251646857263,-14.705361399014766,"Trabajadores Domésticos, de Limpieza, Planchadores y otros Trabajadores de Limpieza",,
2031-04-01,5837.876179017176,4994.2485123657325,-14.450934565615785,"Trabajadores Domésticos, de Limpieza, Planchadores y otros Trabajadores de Limpieza",,
2031-07-01,5969.825651644112,4995.851076686816,-16.314958455931798,"Trabajadores Domésticos, de Limpieza, Planchadores y otros Trabajadores de Limpieza",,
2031-10-01,5806.574180739985,4997.457766815266,-13.934488542461128,"Trabajadores Domésticos, de Limpieza, Planchadores y otros Trabajadores de Limpieza",,
2032-01-01,6032.45802363154,5178.716801217942,-14.152460225486088,"Trabajadores Domésticos, de Limpieza, Planchadores y otros Trabajadores de Limpieza",,
2032-04-01,5903.224671709018,5113.96771656579,-13.369929132558891,"Trabajadores Domésticos, de Limpieza, Planchadores y otros Trabajadores de Limpieza",,
2032-07-01,5985.66471063903,5164.108908106311,-13.725389614163833,"Trabajadores Domésticos, de Limpieza, Planchadores y otros Trabajadores de Limpieza",,
2032-10-01,6157.011359522487,5173.340184935624,-15.976439170694531,"Trabajadores Domésticos, de Limpieza, Planchadores y otros Trabajadores de Limpieza",,
2033-01-01,6195.611902837095,5300.392618450216,-14.449247280594513,"Trabajadores Domésticos, de Limpieza, Planchadores y otros Trabajadores de Limpieza",,
2033-04-01,6152.983906116908,5279.726255850659,-14.192425392143656,"Trabajadores Domésticos, de Limpieza, Planchadores y otros Trabajadores de Limpieza",,
2033-07-01,6199.4067559036575,5322.351244357723,-14.147410326169032,"Trabajadores Domésticos, de Limpieza, Planchadores y otros Trabajadores de Limpieza",,
2033-10-01,6241.787136935734,5323.432225016869,-14.71301234360439,"Trabajadores Domésticos, de Limpieza, Planchadores y otros Trabajadores de Limpieza",,
2034-01-01,6332.965211678215,5418.77222517197,-14.435465156518482,"Trabajadores Domésticos, de Limpieza, Planchadores y otros Trabajadores de Limpieza",,
2034-04-01,6357.357776831617,5444.164388472539,-14.364354192665807,"Trabajadores Domésticos, de Limpieza, Planchadores y otros Trabajadores de Limpieza",,
2034-07-01,6420.531008237808,5470.756318782941,-14.792774744585252,"Trabajadores Domésticos, de Limpieza, Planchadores y otros Trabajadores de Limpieza",,
2034-10-01,6351.226155569594,5469.389216816148,-13.884514850414115,"Trabajadores Domésticos, de Limpieza, Planchadores y otros Trabajadores de Limpieza",,
2035-01-01,6504.64579670116,5582.703806247431,-14.17359252553449,"Trabajadores Domésticos, de Limpieza, Planchadores y otros Trabajadores de Limpieza",,
2035-04-01,6516.5383871129425,5607.700671756809,-13.946633340692719,"Trabajadores Domésticos, de Limpieza, Planchadores y otros Trabajadores de Limpieza",,
2035-07-01,6648.487859739103,5609.303236078512,-15.630390632936656,"Trabajadores Domésticos, de Limpieza, Planchadores y otros Trabajadores de Limpieza",,
2035-10-01,6485.236388832087,5610.909926200053,-13.481797890014768,"Trabajadores Domésticos, de Limpieza, Planchadores y otros Trabajadores de Limpieza",,
2036-01-01,6711.120231716502,5792.1689606086675,-13.692963907350444,"Trabajadores Domésticos, de Limpieza, Planchadores y otros Trabajadores de Limpieza",,
2036-04-01,6581.886879803475,5727.41987595463,-12.98209798273467,"Trabajadores Domésticos, de Limpieza, Planchadores y otros Trabajadores de Limpieza",,
2036-07-01,6664.326918731116,5777.561067496174,-13.306157726784843,"Trabajadores Domésticos, de Limpieza, Planchadores y otros Trabajadores de Limpieza",,
2036-10-01,6835.67356761677,5786.7923443249765,-15.344226328488675,"Trabajadores Domésticos, de Limpieza, Planchadores y otros Trabajadores de Limpieza",,
2037-01-01,6874.274110937457,5913.844777840588,-13.971356358466391,"Trabajadores Domésticos, de Limpieza, Planchadores y otros Trabajadores de Limpieza",,
2037-04-01,6831.646114214483,5893.1784152447435,-13.737065463872408,"Trabajadores Domésticos, de Limpieza, Planchadores y otros Trabajadores de Limpieza",,
2037-07-01,6878.068963985037,5935.803403748829,-13.699565461906557,"Trabajadores Domésticos, de Limpieza, Planchadores y otros Trabajadores de Limpieza",,
2037-10-01,6920.449345035978,5936.884384413812,-14.212443608559532,"Trabajadores Domésticos, de Limpieza, Planchadores y otros Trabajadores de Limpieza",,
2038-01-01,7011.627419778836,6032.224384562369,-13.968269797874685,"Trabajadores Domésticos, de Limpieza, Planchadores y otros Trabajadores de Limpieza",,
2038-04-01,7036.01998492609,6057.6165478616,-13.90563755021465,"Trabajadores Domésticos, de Limpieza, Planchadores y otros Trabajadores de Limpieza",,
2038-07-01,7099.193216342902,6084.208478173142,-14.297184303044256,"Trabajadores Domésticos, de Limpieza, Planchadores y otros Trabajadores de Limpieza",,
2038-10-01,7029.888363664193,6082.84137620704,-13.471721576009818,"Trabajadores Domésticos, de Limpieza, Planchadores y otros Trabajadores de Limpieza",,
2039-01-01,7183.308004790776,6196.155965638954,-13.742304221028242,"Trabajadores Domésticos, de Limpieza, Planchadores y otros Trabajadores de Limpieza",,
2039-04-01,7195.200595206791,6221.152831145599,-13.537465025090079,"Trabajadores Domésticos, de Limpieza, Planchadores y otros Trabajadores de Limpieza",,
2039-07-01,7327.1500678407565,6222.755395467362,-15.072636183891472,"Trabajadores Domésticos, de Limpieza, Planchadores y otros Trabajadores de Limpieza",,
2039-10-01,7163.898596927211,6224.362085590159,-13.114877306332119,"Trabajadores Domésticos, de Limpieza, Planchadores y otros Trabajadores de Limpieza",,
2040-01-01,7389.782439822568,6405.621120000527,-13.317865956628506,"Trabajadores Domésticos, de Limpieza, Planchadores y otros Trabajadores de Limpieza",,
2040-04-01,7260.549087899961,6340.872035343949,-12.666769984224684,"Trabajadores Domésticos, de Limpieza, Planchadores y otros Trabajadores de Limpieza",,
2040-07-01,7342.989126825638,6391.013226886352,-12.964419305232225,"Trabajadores Domésticos, de Limpieza, Planchadores y otros Trabajadores de Limpieza",,
2040-10-01,7514.335775712037,6400.244503715152,-14.826210928687395,"Trabajadores Domésticos, de Limpieza, Planchadores y otros Trabajadores de Limpieza",,
2041-01-01,7552.936319023043,6527.296937230255,-13.579346342555324,"Trabajadores Domésticos, de Limpieza, Planchadores y otros Trabajadores de Limpieza",,
2041-04-01,7510.308322306825,6506.630574627512,-13.364001910523815,"Trabajadores Domésticos, de Limpieza, Planchadores y otros Trabajadores de Limpieza",,
2041-07-01,7556.731172090171,6549.25556313736,-13.332161565754708,"Trabajadores Domésticos, de Limpieza, Planchadores y otros Trabajadores de Limpieza",,
2041-10-01,7599.111553126152,6550.33654379805,-13.801284558017219,"Trabajadores Domésticos, de Limpieza, Planchadores y otros Trabajadores de Limpieza",,
2042-01-01,7690.289627863162,6645.676543952494,-13.583533708871848,"Trabajadores Domésticos, de Limpieza, Planchadores y otros Trabajadores de Limpieza",,
2042-04-01,7714.682193025698,6671.068707259022,-13.52762770591035,"Trabajadores Domésticos, de Limpieza, Planchadores y otros Trabajadores de Limpieza",,
2042-07-01,7777.855424433919,6697.66063756029,-13.888080041706965,"Trabajadores Domésticos, de Limpieza, Planchadores y otros Trabajadores de Limpieza",,
2042-10-01,7708.550571764769,6696.293535606283,-13.13161309294938,"Trabajadores Domésticos, de Limpieza, Planchadores y otros Trabajadores de Limpieza",,
2043-01-01,7861.970212888041,6809.608125028674,-13.385475388017129,"Trabajadores Domésticos, de Limpieza, Planchadores y otros Trabajadores de Limpieza",,
2043-04-01,7873.86280330055,6834.604990532684,-13.19883059598438,"Trabajadores Domésticos, de Limpieza, Planchadores y otros Trabajadores de Limpieza",,
2043-07-01,8005.812275936667,6836.20755485591,-14.609444747989867,"Trabajadores Domésticos, de Limpieza, Planchadores y otros Trabajadores de Limpieza",,
2043-10-01,7842.560805020055,6837.814244974261,-12.811460249089201,"Trabajadores Domésticos, de Limpieza, Planchadores y otros Trabajadores de Limpieza",,
2044-01-01,8068.444647906092,7019.073279390867,-13.005869337996328,"Trabajadores Domésticos, de Limpieza, Planchadores y otros Trabajadores de Limpieza",,
2044-04-01,7939.2112959904,6954.324194725057,-12.405351924097896,"Trabajadores Domésticos, de Limpieza, Planchadores y otros Trabajadores de Limpieza",,
2044-07-01,8021.651334931946,7004.465386276653,-12.680505623894991,"Trabajadores Domésticos, de Limpieza, Planchadores y otros Trabajadores de Limpieza",,
2044-10-01,8192.997983804951,7013.696663100064,-14.39401453577805,"Trabajadores Domésticos, de Limpieza, Planchadores y otros Trabajadores de Limpieza",,
2045-01-01,8231.598527116372,7140.749096620197,-13.251975626638254,"Trabajadores Domésticos, de Limpieza, Planchadores y otros Trabajadores de Limpieza",,
2045-04-01,8188.970530405381,7120.082734023969,-13.052773757246609,"Trabajadores Domésticos, de Limpieza, Planchadores y otros Trabajadores de Limpieza",,
2045-07-01,8235.393380186211,7162.707722528262,-13.025311702034259,"Trabajadores Domésticos, de Limpieza, Planchadores y otros Trabajadores de Limpieza",,
2045-10-01,8277.773761223469,7163.788703191289,-13.457544143698982,"Trabajadores Domésticos, de Limpieza, Planchadores y otros Trabajadores de Limpieza",,
2012-07-01,4282.168055875597,3831.4535400000514,-10.525381302051343,"Secretarias, Capturistas, Cajeros y Trabajadores de Control de Archivo y Transporte",3949.5592703536563,4298.877882318001
2012-10-01,4366.398466992593,3891.126048201775,-10.884769733765669,"Secretarias, Capturistas, Cajeros y Trabajadores de Control de Archivo y Transporte",3839.395981515526,4312.7837191409235
2013-01-01,4399.989305334618,3922.04738494676,-10.862342774524326,"Secretarias, Capturistas, Cajeros y Trabajadores de Control de Archivo y Transporte",3949.434639292493,4394.653570662519
2013-04-01,4378.682617854112,3871.5896210006867,-11.580948908828193,"Secretarias, Capturistas, Cajeros y Trabajadores de Control de Archivo y Transporte",3818.558856069889,4266.067275004328
2013-07-01,4252.496443169706,3837.716505870256,-9.75379857085274,"Secretarias, Capturistas, Cajeros y Trabajadores de Control de Archivo y Transporte",3871.925757537723,4328.64946544749
2013-10-01,4308.6306833659055,3764.9970566359134,-12.617317813493942,"Secretarias, Capturistas, Cajeros y Trabajadores de Control de Archivo y Transporte",3850.0676454263444,4509.010467491938
2014-01-01,4349.941790743925,3894.796017889912,-10.463261228518046,"Secretarias, Capturistas, Cajeros y Trabajadores de Control de Archivo y Transporte",3833.478327988464,4443.145157290234
2014-04-01,4403.093071939322,3897.772649698867,-11.4764874142869,"Secretarias, Capturistas, Cajeros y Trabajadores de Control de Archivo y Transporte",3832.5883776079145,4455.303565971869
2014-07-01,4268.572002288813,3838.7272706624244,-10.069989012623076,"Secretarias, Capturistas, Cajeros y Trabajadores de Control de Archivo y Transporte",3792.900648089465,4205.782265346941
2014-10-01,4240.895669265586,3758.1000209037047,-11.384284972176378,"Secretarias, Capturistas, Cajeros y Trabajadores de Control de Archivo y Transporte",3697.8658592367315,4362.143835070723
2015-01-01,4364.26017805015,3889.2611708626773,-10.883837988772044,"Secretarias, Capturistas, Cajeros y Trabajadores de Control de Archivo y Transporte",3965.9437148000775,4364.940482027377
2015-04-01,4350.102752473484,3939.516981993964,-9.438530394392624,"Secretarias, Capturistas, Cajeros y Trabajadores de Control de Archivo y Transporte",3974.1348574604176,4182.65955107951
2015-07-01,4329.8943730185565,3834.216103146762,-11.447814361490662,"Secretarias, Capturistas, Cajeros y Trabajadores de Control de Archivo y Transporte",3892.9213576591014,4301.119781812441
2015-10-01,4163.2925132410555,3870.6561793303663,-7.0289640466044645,"Secretarias, Capturistas, Cajeros y Trabajadores de Control de Archivo y Transporte",3821.229449736682,4076.9049158305015
2016-01-01,4443.791895863118,3906.3525919755994,-12.094160043539388,"Secretarias, Capturistas, Cajeros y Trabajadores de Control de Archivo y Transporte",3864.372509806133,4287.788219116611
2016-04-01,4267.813630825858,3921.6265245602626,-8.111579750463596,"Secretarias, Capturistas, Cajeros y Trabajadores de Control de Archivo y Transporte",3881.0854318069064,4234.129446168488
2016-07-01,4273.5110053760145,3893.325937999525,-8.896316562616127,"Secretarias, Capturistas, Cajeros y Trabajadores de Control de Archivo y Transporte",3944.758203388127,4449.621485007102
2016-10-01,4358.023247869927,3953.628590348262,-9.279313911859493,"Secretarias, Capturistas, Cajeros y Trabajadores de Control de Archivo y Transporte",3882.58753336126,4337.573158899516
2017-01-01,4391.927474037919,3985.192558161054,-9.260966131185096,"Secretarias, Capturistas, Cajeros y Trabajadores de Control de Archivo y Transporte",3983.073695971826,4447.685720356664
2017-04-01,4370.956627660049,3935.3708276689686,-9.965456926171038,"Secretarias, Capturistas, Cajeros y Trabajadores de Control de Archivo y Transporte",4115.052580440625,4498.655142696275
2017-07-01,4245.152151688382,3902.1430345281497,-8.080019393976514,"Secretarias, Capturistas, Cajeros y Trabajadores de Control de Archivo y Transporte",3830.386524018341,4223.968447697973
2017-10-01,4301.719659654833,3830.0982047461894,-10.963556257091986,"Secretarias, Capturistas, Cajeros y Trabajadores de Control de Archivo y Transporte",3766.1624009247944,4132.179865805617
2018-01-01,4374.212999564528,3960.629663472444,-9.455034222916401,"Secretarias, Capturistas, Cajeros y Trabajadores de Control de Archivo y Transporte",3998.028472380371,4210.960026349375
2018-04-01,4492.100633875863,4017.18052793037,-10.572338971304927,"Secretarias, Capturistas, Cajeros y Trabajadores de Control de Archivo y Transporte",3950.612861656637,4512.1020730481205
2018-07-01,4423.146304809042,4012.3212326921894,-9.288073326224481,"Secretarias, Capturistas, Cajeros y Trabajadores de Control de Archivo y Transporte",4070.488191241238,4395.10516731346
2018-10-01,4461.774462481969,3986.522740557046,-10.651630330515472,"Secretarias, Capturistas, Cajeros y Trabajadores de Control de Archivo y Transporte",3914.2648265255184,4257.029538352955
2019-01-01,4651.469642355824,4206.340998706779,-9.569634499938424,"Secretarias, Capturistas, Cajeros y Trabajadores de Control de Archivo y Transporte",4101.754607155902,4640.671403955476
2019-04-01,4702.167037728636,4343.269764474782,-7.632593023050455,"Secretarias, Capturistas, Cajeros y Trabajadores de Control de Archivo y Transporte",4354.300906593793,4816.293862319469
2019-07-01,4747.524578289306,4325.575468719508,-8.88777093433903,"Secretarias, Capturistas, Cajeros y Trabajadores de Control de Archivo y Transporte",4270.915177191275,4818.882687645307
2019-10-01,4647.170901946561,4450.513124977248,-4.231774150740594,"Secretarias, Capturistas, Cajeros y Trabajadores de Control de Archivo y Transporte",4581.111639896787,4779.481648237374
2020-01-01,4993.859873472904,4574.615765469849,-8.39519166787309,"Secretarias, Capturistas, Cajeros y Trabajadores de Control de Archivo y Transporte",4643.176317891176,5180.007123289224
2020-07-01,4954.45681585436,4736.139838963696,-4.406476532241537,"Secretarias, Capturistas, Cajeros y Trabajadores de Control de Archivo y Transporte",4587.776274305868,4755.431623045983
2020-10-01,5105.017898006364,4884.584829715937,-4.317968569248524,"Secretarias, Capturistas, Cajeros y Trabajadores de Control de Archivo y Transporte",5037.609063314858,5186.338019344887
2021-01-01,5204.939406951172,5004.278648952299,-3.8551987316296445,"Secretarias, Capturistas, Cajeros y Trabajadores de Control de Archivo y Transporte",,
2021-04-01,5248.521418687921,5040.663531122647,-3.960313219360668,"Secretarias, Capturistas, Cajeros y Trabajadores de Control de Archivo y Transporte",,
2021-07-01,5187.944928775706,5094.597979813812,-1.7993049317877499,"Secretarias, Capturistas, Cajeros y Trabajadores de Control de Archivo y Transporte",,
2021-10-01,5310.4098394493185,5110.651012436032,-3.761646145074203,"Secretarias, Capturistas, Cajeros y Trabajadores de Control de Archivo y Transporte",,
2022-01-01,5418.051617692565,5329.222455746325,-1.6395037960910062,"Secretarias, Capturistas, Cajeros y Trabajadores de Control de Archivo y Transporte",,
2022-04-01,5536.0915989693485,5419.015149210256,-2.114785271632584,"Secretarias, Capturistas, Cajeros y Trabajadores de Control de Archivo y Transporte",,
2022-07-01,5467.180215398113,5447.689468421595,-0.356504563753423,"Secretarias, Capturistas, Cajeros y Trabajadores de Control de Archivo y Transporte",,
2022-10-01,5505.834553494993,5455.72595513982,-0.9100999651971928,"Secretarias, Capturistas, Cajeros y Trabajadores de Control de Archivo y Transporte",,
2023-01-01,5695.529733373005,5675.544213291794,-0.3508983539161503,"Secretarias, Capturistas, Cajeros y Trabajadores de Control de Archivo y Transporte",,
2023-04-01,5746.227128741161,5812.472979058355,1.1528581943071647,"Secretarias, Capturistas, Cajeros y Trabajadores de Control de Archivo y Transporte",,
2023-07-01,5791.584669312517,5794.778683318931,0.05514922406881612,"Secretarias, Capturistas, Cajeros y Trabajadores de Control de Archivo y Transporte",,
2023-10-01,5691.2309929633875,5919.716339566345,4.0146911430137955,"Secretarias, Capturistas, Cajeros y Trabajadores de Control de Archivo y Transporte",,
2024-01-01,6037.919964475024,6043.818980039216,0.09769946602305214,"Secretarias, Capturistas, Cajeros y Trabajadores de Control de Archivo y Transporte",,
2024-04-01,5927.408518416988,6146.425174821652,3.6949816386732866,"Secretarias, Capturistas, Cajeros y Trabajadores de Control de Archivo y Transporte",,
2024-07-01,5998.516906864774,6205.343053544113,3.44795471765104,"Secretarias, Capturistas, Cajeros y Trabajadores de Control de Archivo y Transporte",,
2024-10-01,6149.077989018716,6353.788044300038,3.3291178880297436,"Secretarias, Capturistas, Cajeros y Trabajadores de Control de Archivo y Transporte",,
2025-01-01,6248.999497969491,6473.481863535975,3.5922929044789638,"Secretarias, Capturistas, Cajeros y Trabajadores de Control de Archivo y Transporte",,
2025-04-01,6292.581509699731,6509.866745705642,3.453038084146786,"Secretarias, Capturistas, Cajeros y Trabajadores de Control de Archivo y Transporte",,
2025-07-01,6232.00501979755,6563.801194408667,5.324067833018136,"Secretarias, Capturistas, Cajeros y Trabajadores de Control de Archivo y Transporte",,
2025-10-01,6354.469930460398,6579.854227016405,3.5468622721089393,"Secretarias, Capturistas, Cajeros y Trabajadores de Control de Archivo y Transporte",,
